iter	Logloss
0	0.2574905394
1	0.206827256
